startTime,endTime,value
2024-12-31T22:00:00.000Z,2024-12-31T22:03:00.000Z,2848.755
2024-12-31T22:03:00.000Z,2024-12-31T22:06:00.000Z,2819.25
2024-12-31T22:06:00.000Z,2024-12-31T22:09:00.000Z,2805.6
2024-12-31T22:09:00.000Z,2024-12-31T22:12:00.000Z,2831.3250000000003
2024-12-31T22:12:00.000Z,2024-12-31T22:15:00.000Z,2850.225
2024-12-31T22:15:00.000Z,2024-12-31T22:18:00.000Z,2862.3
2024-12-31T22:18:00.000Z,2024-12-31T22:21:00.000Z,2843.925
2024-12-31T22:21:00.000Z,2024-12-31T22:24:00.000Z,2812.9500000000003
2024-12-31T22:24:00.000Z,2024-12-31T22:27:00.000Z,2800.35
2024-12-31T22:27:00.000Z,2024-12-31T22:30:00.000Z,2777.775
2024-12-31T22:30:00.000Z,2024-12-31T22:33:00.000Z,2744.7000000000003
2024-12-31T22:33:00.000Z,2024-12-31T22:36:00.000Z,2717.925
2024-12-31T22:36:00.000Z,2024-12-31T22:39:00.000Z,2695.35
2024-12-31T22:39:00.000Z,2024-12-31T22:42:00.000Z,2686.425
2024-12-31T22:42:00.000Z,2024-12-31T22:45:00.000Z,2692.2000000000003
2024-12-31T22:45:00.000Z,2024-12-31T22:48:00.000Z,2678.55
2024-12-31T22:48:00.000Z,2024-12-31T22:51:00.000Z,2662.8
2024-12-31T22:51:00.000Z,2024-12-31T22:54:00.000Z,2655.4500000000003
2024-12-31T22:54:00.000Z,2024-12-31T22:57:00.000Z,2631.3
2024-12-31T22:57:00.000Z,2024-12-31T23:00:00.000Z,2621.3250000000003
2024-12-31T23:00:00.000Z,2024-12-31T23:03:00.000Z,2604.0
2024-12-31T23:03:00.000Z,2024-12-31T23:06:00.000Z,2580.9
2024-12-31T23:06:00.000Z,2024-12-31T23:09:00.000Z,2595.6
2024-12-31T23:09:00.000Z,2024-12-31T23:12:00.000Z,2612.4
2024-12-31T23:12:00.000Z,2024-12-31T23:15:00.000Z,2633.4
2024-12-31T23:15:00.000Z,2024-12-31T23:18:00.000Z,2630.775
2024-12-31T23:18:00.000Z,2024-12-31T23:21:00.000Z,2643.9
2024-12-31T23:21:00.000Z,2024-12-31T23:24:00.000Z,2644.9500000000003
2024-12-31T23:24:00.000Z,2024-12-31T23:27:00.000Z,2650.2000000000003
2024-12-31T23:27:00.000Z,2024-12-31T23:30:00.000Z,2636.55
2024-12-31T23:30:00.000Z,2024-12-31T23:33:00.000Z,2623.9500000000003
2024-12-31T23:33:00.000Z,2024-12-31T23:36:00.000Z,2632.875
2024-12-31T23:36:00.000Z,2024-12-31T23:39:00.000Z,2634.4500000000003
2024-12-31T23:39:00.000Z,2024-12-31T23:42:00.000Z,2636.55
2024-12-31T23:42:00.000Z,2024-12-31T23:45:00.000Z,2654.925
2024-12-31T23:45:00.000Z,2024-12-31T23:48:00.000Z,2663.3250000000003
2024-12-31T23:48:00.000Z,2024-12-31T23:51:00.000Z,2702.7000000000003
2024-12-31T23:51:00.000Z,2024-12-31T23:54:00.000Z,2707.9500000000003
2024-12-31T23:54:00.000Z,2024-12-31T23:57:00.000Z,2744.5950000000003
2024-12-31T23:57:00.000Z,2025-01-01T00:00:00.000Z,2758.875
2025-01-01T00:00:00.000Z,2025-01-01T00:03:00.000Z,2798.775
2025-01-01T00:03:00.000Z,2025-01-01T00:06:00.000Z,2838.15
2025-01-01T00:06:00.000Z,2025-01-01T00:09:00.000Z,2863.35
2025-01-01T00:09:00.000Z,2025-01-01T00:12:00.000Z,2867.55
2025-01-01T00:12:00.000Z,2025-01-01T00:15:00.000Z,2888.55
2025-01-01T00:15:00.000Z,2025-01-01T00:18:00.000Z,2896.425
2025-01-01T00:18:00.000Z,2025-01-01T00:21:00.000Z,2874.375
2025-01-01T00:21:00.000Z,2025-01-01T00:24:00.000Z,2858.1
2025-01-01T00:24:00.000Z,2025-01-01T00:27:00.000Z,2859.15
2025-01-01T00:27:00.000Z,2025-01-01T00:30:00.000Z,2889.6
2025-01-01T00:30:00.000Z,2025-01-01T00:33:00.000Z,2910.0750000000003
2025-01-01T00:33:00.000Z,2025-01-01T00:36:00.000Z,2930.55
2025-01-01T00:36:00.000Z,2025-01-01T00:39:00.000Z,2933.175
2025-01-01T00:39:00.000Z,2025-01-01T00:42:00.000Z,2947.35
2025-01-01T00:42:00.000Z,2025-01-01T00:45:00.000Z,2946.3
2025-01-01T00:45:00.000Z,2025-01-01T00:48:00.000Z,2951.55
2025-01-01T00:48:00.000Z,2025-01-01T00:51:00.000Z,2931.6
2025-01-01T00:51:00.000Z,2025-01-01T00:54:00.000Z,2913.75
2025-01-01T00:54:00.000Z,2025-01-01T00:57:00.000Z,2866.605
2025-01-01T00:57:00.000Z,2025-01-01T01:00:00.000Z,2819.775
2025-01-01T01:00:00.000Z,2025-01-01T01:03:00.000Z,2781.4500000000003
2025-01-01T01:03:00.000Z,2025-01-01T01:06:00.000Z,2745.75
2025-01-01T01:06:00.000Z,2025-01-01T01:09:00.000Z,2732.1
2025-01-01T01:09:00.000Z,2025-01-01T01:12:00.000Z,2717.4
2025-01-01T01:12:00.000Z,2025-01-01T01:15:00.000Z,2716.35
2025-01-01T01:15:00.000Z,2025-01-01T01:18:00.000Z,2694.3
2025-01-01T01:18:00.000Z,2025-01-01T01:21:00.000Z,2690.625
2025-01-01T01:21:00.000Z,2025-01-01T01:24:00.000Z,2675.4
2025-01-01T01:24:00.000Z,2025-01-01T01:27:00.000Z,2652.3
2025-01-01T01:27:00.000Z,2025-01-01T01:30:00.000Z,2627.1
2025-01-01T01:30:00.000Z,2025-01-01T01:33:00.000Z,2564.73
2025-01-01T01:33:00.000Z,2025-01-01T01:36:00.000Z,2535.75
2025-01-01T01:36:00.000Z,2025-01-01T01:39:00.000Z,2512.125
2025-01-01T01:39:00.000Z,2025-01-01T01:42:00.000Z,2518.9500000000003
2025-01-01T01:42:00.000Z,2025-01-01T01:45:00.000Z,2481.15
2025-01-01T01:45:00.000Z,2025-01-01T01:48:00.000Z,2457.525
2025-01-01T01:48:00.000Z,2025-01-01T01:51:00.000Z,2444.925
2025-01-01T01:51:00.000Z,2025-01-01T01:54:00.000Z,2422.35
2025-01-01T01:54:00.000Z,2025-01-01T01:57:00.000Z,2408.175
2025-01-01T01:57:00.000Z,2025-01-01T02:00:00.000Z,2378.25
2025-01-01T02:00:00.000Z,2025-01-01T02:03:00.000Z,2349.9
2025-01-01T02:03:00.000Z,2025-01-01T02:06:00.000Z,2328.9
2025-01-01T02:06:00.000Z,2025-01-01T02:09:00.000Z,2342.55
2025-01-01T02:09:00.000Z,2025-01-01T02:12:00.000Z,2354.625
2025-01-01T02:12:00.000Z,2025-01-01T02:15:00.000Z,2357.25
2025-01-01T02:15:00.000Z,2025-01-01T02:18:00.000Z,2343.0750000000003
2025-01-01T02:18:00.000Z,2025-01-01T02:21:00.000Z,2319.4500000000003
2025-01-01T02:21:00.000Z,2025-01-01T02:24:00.000Z,2303.7000000000003
2025-01-01T02:24:00.000Z,2025-01-01T02:27:00.000Z,2299.5
2025-01-01T02:27:00.000Z,2025-01-01T02:30:00.000Z,2323.65
2025-01-01T02:30:00.000Z,2025-01-01T02:33:00.000Z,2319.4500000000003
2025-01-01T02:33:00.000Z,2025-01-01T02:36:00.000Z,2313.15
2025-01-01T02:36:00.000Z,2025-01-01T02:39:00.000Z,2304.225
2025-01-01T02:39:00.000Z,2025-01-01T02:42:00.000Z,2289.525
2025-01-01T02:42:00.000Z,2025-01-01T02:45:00.000Z,2314.2000000000003
2025-01-01T02:45:00.000Z,2025-01-01T02:48:00.000Z,2315.25
2025-01-01T02:48:00.000Z,2025-01-01T02:51:00.000Z,2340.975
2025-01-01T02:51:00.000Z,2025-01-01T02:54:00.000Z,2374.05
2025-01-01T02:54:00.000Z,2025-01-01T02:57:00.000Z,2373.525
2025-01-01T02:57:00.000Z,2025-01-01T03:00:00.000Z,2354.1
2025-01-01T03:00:00.000Z,2025-01-01T03:03:00.000Z,2338.875
2025-01-01T03:03:00.000Z,2025-01-01T03:06:00.000Z,2312.625
2025-01-01T03:06:00.000Z,2025-01-01T03:09:00.000Z,2297.4
2025-01-01T03:09:00.000Z,2025-01-01T03:12:00.000Z,2280.6
2025-01-01T03:12:00.000Z,2025-01-01T03:15:00.000Z,2270.1
2025-01-01T03:15:00.000Z,2025-01-01T03:18:00.000Z,2279.55
2025-01-01T03:18:00.000Z,2025-01-01T03:21:00.000Z,2260.65
2025-01-01T03:21:00.000Z,2025-01-01T03:24:00.000Z,2232.8250000000003
2025-01-01T03:24:00.000Z,2025-01-01T03:27:00.000Z,2205.525
2025-01-01T03:27:00.000Z,2025-01-01T03:30:00.000Z,2178.75
2025-01-01T03:30:00.000Z,2025-01-01T03:33:00.000Z,2148.3
2025-01-01T03:33:00.000Z,2025-01-01T03:36:00.000Z,2113.755
2025-01-01T03:36:00.000Z,2025-01-01T03:39:00.000Z,2099.475
2025-01-01T03:39:00.000Z,2025-01-01T03:42:00.000Z,2076.9
2025-01-01T03:42:00.000Z,2025-01-01T03:45:00.000Z,2046.45
2025-01-01T03:45:00.000Z,2025-01-01T03:48:00.000Z,2014.95
2025-01-01T03:48:00.000Z,2025-01-01T03:51:00.000Z,2006.5500000000002
2025-01-01T03:51:00.000Z,2025-01-01T03:54:00.000Z,1989.75
2025-01-01T03:54:00.000Z,2025-01-01T03:57:00.000Z,1989.2250000000001
2025-01-01T03:57:00.000Z,2025-01-01T04:00:00.000Z,1981.3500000000001
2025-01-01T04:00:00.000Z,2025-01-01T04:03:00.000Z,1983.45
2025-01-01T04:03:00.000Z,2025-01-01T04:06:00.000Z,1999.2
2025-01-01T04:06:00.000Z,2025-01-01T04:09:00.000Z,1988.7
2025-01-01T04:09:00.000Z,2025-01-01T04:12:00.000Z,1983.45
2025-01-01T04:12:00.000Z,2025-01-01T04:15:00.000Z,1956.15
2025-01-01T04:15:00.000Z,2025-01-01T04:18:00.000Z,1927.8000000000002
2025-01-01T04:18:00.000Z,2025-01-01T04:21:00.000Z,1915.7250000000001
2025-01-01T04:21:00.000Z,2025-01-01T04:24:00.000Z,1905.2250000000001
2025-01-01T04:24:00.000Z,2025-01-01T04:27:00.000Z,1894.2
2025-01-01T04:27:00.000Z,2025-01-01T04:30:00.000Z,1885.8000000000002
2025-01-01T04:30:00.000Z,2025-01-01T04:33:00.000Z,1855.3500000000001
2025-01-01T04:33:00.000Z,2025-01-01T04:36:00.000Z,1824.9
2025-01-01T04:36:00.000Z,2025-01-01T04:39:00.000Z,1831.2
2025-01-01T04:39:00.000Z,2025-01-01T04:42:00.000Z,1810.2
2025-01-01T04:42:00.000Z,2025-01-01T04:45:00.000Z,1801.275
2025-01-01T04:45:00.000Z,2025-01-01T04:48:00.000Z,1775.025
2025-01-01T04:48:00.000Z,2025-01-01T04:51:00.000Z,1745.1000000000001
2025-01-01T04:51:00.000Z,2025-01-01T04:54:00.000Z,1737.75
2025-01-01T04:54:00.000Z,2025-01-01T04:57:00.000Z,1742.4750000000001
2025-01-01T04:57:00.000Z,2025-01-01T05:00:00.000Z,1728.825
2025-01-01T05:00:00.000Z,2025-01-01T05:03:00.000Z,1725.6750000000002
2025-01-01T05:03:00.000Z,2025-01-01T05:06:00.000Z,1733.5500000000002
2025-01-01T05:06:00.000Z,2025-01-01T05:09:00.000Z,1726.2
2025-01-01T05:09:00.000Z,2025-01-01T05:12:00.000Z,1724.1000000000001
2025-01-01T05:12:00.000Z,2025-01-01T05:15:00.000Z,1730.4
2025-01-01T05:15:00.000Z,2025-01-01T05:18:00.000Z,1751.4
2025-01-01T05:18:00.000Z,2025-01-01T05:21:00.000Z,1772.9250000000002
2025-01-01T05:21:00.000Z,2025-01-01T05:24:00.000Z,1778.7
2025-01-01T05:24:00.000Z,2025-01-01T05:27:00.000Z,1774.5
2025-01-01T05:27:00.000Z,2025-01-01T05:30:00.000Z,1762.4250000000002
2025-01-01T05:30:00.000Z,2025-01-01T05:33:00.000Z,1748.25
2025-01-01T05:33:00.000Z,2025-01-01T05:36:00.000Z,1741.95
2025-01-01T05:36:00.000Z,2025-01-01T05:39:00.000Z,1730.9250000000002
2025-01-01T05:39:00.000Z,2025-01-01T05:42:00.000Z,1698.48
2025-01-01T05:42:00.000Z,2025-01-01T05:45:00.000Z,1682.73
2025-01-01T05:45:00.000Z,2025-01-01T05:48:00.000Z,1667.9250000000002
2025-01-01T05:48:00.000Z,2025-01-01T05:51:00.000Z,1660.0500000000002
2025-01-01T05:51:00.000Z,2025-01-01T05:54:00.000Z,1648.5
2025-01-01T05:54:00.000Z,2025-01-01T05:57:00.000Z,1628.025
2025-01-01T05:57:00.000Z,2025-01-01T06:00:00.000Z,1626.45
2025-01-01T06:00:00.000Z,2025-01-01T06:03:00.000Z,1619.1000000000001
2025-01-01T06:03:00.000Z,2025-01-01T06:06:00.000Z,1620.15
2025-01-01T06:06:00.000Z,2025-01-01T06:09:00.000Z,1638.0
2025-01-01T06:09:00.000Z,2025-01-01T06:12:00.000Z,1665.3000000000002
2025-01-01T06:12:00.000Z,2025-01-01T06:15:00.000Z,1663.2
2025-01-01T06:15:00.000Z,2025-01-01T06:18:00.000Z,1657.4250000000002
2025-01-01T06:18:00.000Z,2025-01-01T06:21:00.000Z,1642.83
2025-01-01T06:21:00.000Z,2025-01-01T06:24:00.000Z,1627.5
2025-01-01T06:24:00.000Z,2025-01-01T06:27:00.000Z,1612.8000000000002
2025-01-01T06:27:00.000Z,2025-01-01T06:30:00.000Z,1607.025
2025-01-01T06:30:00.000Z,2025-01-01T06:33:00.000Z,1508.955
2025-01-01T06:33:00.000Z,2025-01-01T06:36:00.000Z,1478.925
2025-01-01T06:36:00.000Z,2025-01-01T06:39:00.000Z,1463.7
2025-01-01T06:39:00.000Z,2025-01-01T06:42:00.000Z,1470.0
2025-01-01T06:42:00.000Z,2025-01-01T06:45:00.000Z,1479.45
2025-01-01T06:45:00.000Z,2025-01-01T06:48:00.000Z,1482.6000000000001
2025-01-01T06:48:00.000Z,2025-01-01T06:51:00.000Z,1473.675
2025-01-01T06:51:00.000Z,2025-01-01T06:54:00.000Z,1477.3500000000001
2025-01-01T06:54:00.000Z,2025-01-01T06:57:00.000Z,1468.95
2025-01-01T06:57:00.000Z,2025-01-01T07:00:00.000Z,1458.45
2025-01-01T07:00:00.000Z,2025-01-01T07:03:00.000Z,1456.3500000000001
2025-01-01T07:03:00.000Z,2025-01-01T07:06:00.000Z,1454.775
2025-01-01T07:06:00.000Z,2025-01-01T07:09:00.000Z,1544.025
2025-01-01T07:09:00.000Z,2025-01-01T07:12:00.000Z,1534.05
2025-01-01T07:12:00.000Z,2025-01-01T07:15:00.000Z,1539.3
2025-01-01T07:15:00.000Z,2025-01-01T07:18:00.000Z,1530.9
2025-01-01T07:18:00.000Z,2025-01-01T07:21:00.000Z,1531.95
2025-01-01T07:21:00.000Z,2025-01-01T07:24:00.000Z,1528.8
2025-01-01T07:24:00.000Z,2025-01-01T07:27:00.000Z,1513.05
2025-01-01T07:27:00.000Z,2025-01-01T07:30:00.000Z,1496.25
2025-01-01T07:30:00.000Z,2025-01-01T07:33:00.000Z,1483.65
2025-01-01T07:33:00.000Z,2025-01-01T07:36:00.000Z,1471.05
2025-01-01T07:36:00.000Z,2025-01-01T07:39:00.000Z,1453.7250000000001
2025-01-01T07:39:00.000Z,2025-01-01T07:42:00.000Z,1448.4750000000001
2025-01-01T07:42:00.000Z,2025-01-01T07:45:00.000Z,1431.15
2025-01-01T07:45:00.000Z,2025-01-01T07:48:00.000Z,1411.2
2025-01-01T07:48:00.000Z,2025-01-01T07:51:00.000Z,1381.275
2025-01-01T07:51:00.000Z,2025-01-01T07:54:00.000Z,1355.025
2025-01-01T07:54:00.000Z,2025-01-01T07:57:00.000Z,1341.9
2025-01-01T07:57:00.000Z,2025-01-01T08:00:00.000Z,1319.325
2025-01-01T08:00:00.000Z,2025-01-01T08:03:00.000Z,1282.575
2025-01-01T08:03:00.000Z,2025-01-01T08:06:00.000Z,1253.7
2025-01-01T08:06:00.000Z,2025-01-01T08:09:00.000Z,1227.9750000000001
2025-01-01T08:09:00.000Z,2025-01-01T08:12:00.000Z,1211.175
2025-01-01T08:12:00.000Z,2025-01-01T08:15:00.000Z,1205.4
2025-01-01T08:15:00.000Z,2025-01-01T08:18:00.000Z,1190.175
2025-01-01T08:18:00.000Z,2025-01-01T08:21:00.000Z,1174.425
2025-01-01T08:21:00.000Z,2025-01-01T08:24:00.000Z,1174.425
2025-01-01T08:24:00.000Z,2025-01-01T08:27:00.000Z,1164.9750000000001
2025-01-01T08:27:00.000Z,2025-01-01T08:30:00.000Z,1153.95
2025-01-01T08:30:00.000Z,2025-01-01T08:33:00.000Z,1141.875
2025-01-01T08:33:00.000Z,2025-01-01T08:36:00.000Z,1132.425
2025-01-01T08:36:00.000Z,2025-01-01T08:39:00.000Z,1114.575
2025-01-01T08:39:00.000Z,2025-01-01T08:42:00.000Z,1099.875
2025-01-01T08:42:00.000Z,2025-01-01T08:45:00.000Z,1087.3799999999999
2025-01-01T08:45:00.000Z,2025-01-01T08:48:00.000Z,1078.3500000000001
2025-01-01T08:48:00.000Z,2025-01-01T08:51:00.000Z,1041.0645
2025-01-01T08:51:00.000Z,2025-01-01T08:54:00.000Z,1021.1355
2025-01-01T08:54:00.000Z,2025-01-01T08:57:00.000Z,1005.417
2025-01-01T08:57:00.000Z,2025-01-01T09:00:00.000Z,995.4105000000001
2025-01-01T09:00:00.000Z,2025-01-01T09:03:00.000Z,970.7355
2025-01-01T09:03:00.000Z,2025-01-01T09:06:00.000Z,946.5855
2025-01-01T09:06:00.000Z,2025-01-01T09:09:00.000Z,957.5895
2025-01-01T09:09:00.000Z,2025-01-01T09:12:00.000Z,953.421
2025-01-01T09:12:00.000Z,2025-01-01T09:15:00.000Z,982.2750000000001
2025-01-01T09:15:00.000Z,2025-01-01T09:18:00.000Z,975.45
2025-01-01T09:18:00.000Z,2025-01-01T09:21:00.000Z,966.5145
2025-01-01T09:21:00.000Z,2025-01-01T09:24:00.000Z,960.75
2025-01-01T09:24:00.000Z,2025-01-01T09:27:00.000Z,955.5
2025-01-01T09:27:00.000Z,2025-01-01T09:30:00.000Z,940.8000000000001
2025-01-01T09:30:00.000Z,2025-01-01T09:33:00.000Z,921.4065
2025-01-01T09:33:00.000Z,2025-01-01T09:36:00.000Z,912.4605
2025-01-01T09:36:00.000Z,2025-01-01T09:39:00.000Z,898.8000000000001
2025-01-01T09:39:00.000Z,2025-01-01T09:42:00.000Z,892.5840000000001
2025-01-01T09:42:00.000Z,2025-01-01T09:45:00.000Z,895.6500000000001
2025-01-01T09:45:00.000Z,2025-01-01T09:48:00.000Z,885.6750000000001
2025-01-01T09:48:00.000Z,2025-01-01T09:51:00.000Z,884.625
2025-01-01T09:51:00.000Z,2025-01-01T09:54:00.000Z,869.4000000000001
2025-01-01T09:54:00.000Z,2025-01-01T09:57:00.000Z,846.3315
2025-01-01T09:57:00.000Z,2025-01-01T10:00:00.000Z,846.321
2025-01-01T10:00:00.000Z,2025-01-01T10:03:00.000Z,812.196
2025-01-01T10:03:00.000Z,2025-01-01T10:06:00.000Z,798.0315
2025-01-01T10:06:00.000Z,2025-01-01T10:09:00.000Z,785.4
2025-01-01T10:09:00.000Z,2025-01-01T10:12:00.000Z,776.9895
2025-01-01T10:12:00.000Z,2025-01-01T10:15:00.000Z,760.725
2025-01-01T10:15:00.000Z,2025-01-01T10:18:00.000Z,749.7105
2025-01-01T10:18:00.000Z,2025-01-01T10:21:00.000Z,727.65
2025-01-01T10:21:00.000Z,2025-01-01T10:24:00.000Z,715.575
2025-01-01T10:24:00.000Z,2025-01-01T10:27:00.000Z,713.9895
2025-01-01T10:27:00.000Z,2025-01-01T10:30:00.000Z,693.0
2025-01-01T10:30:00.000Z,2025-01-01T10:33:00.000Z,679.3605
2025-01-01T10:33:00.000Z,2025-01-01T10:36:00.000Z,669.4065
2025-01-01T10:36:00.000Z,2025-01-01T10:39:00.000Z,660.996
2025-01-01T10:39:00.000Z,2025-01-01T10:42:00.000Z,649.4250000000001
2025-01-01T10:42:00.000Z,2025-01-01T10:45:00.000Z,634.7145
2025-01-01T10:45:00.000Z,2025-01-01T10:48:00.000Z,620.5500000000001
2025-01-01T10:48:00.000Z,2025-01-01T10:51:00.000Z,608.475
2025-01-01T10:51:00.000Z,2025-01-01T10:54:00.000Z,605.8605
2025-01-01T10:54:00.000Z,2025-01-01T10:57:00.000Z,594.3000000000001
2025-01-01T10:57:00.000Z,2025-01-01T11:00:00.000Z,595.3395
2025-01-01T11:00:00.000Z,2025-01-01T11:03:00.000Z,575.421
2025-01-01T11:03:00.000Z,2025-01-01T11:06:00.000Z,569.1105
2025-01-01T11:06:00.000Z,2025-01-01T11:09:00.000Z,567.0
2025-01-01T11:09:00.000Z,2025-01-01T11:12:00.000Z,553.3605
2025-01-01T11:12:00.000Z,2025-01-01T11:15:00.000Z,549.1605000000001
2025-01-01T11:15:00.000Z,2025-01-01T11:18:00.000Z,531.321
2025-01-01T11:18:00.000Z,2025-01-01T11:21:00.000Z,531.3000000000001
2025-01-01T11:21:00.000Z,2025-01-01T11:24:00.000Z,529.2
2025-01-01T11:24:00.000Z,2025-01-01T11:27:00.000Z,533.3895
2025-01-01T11:27:00.000Z,2025-01-01T11:30:00.000Z,532.875
2025-01-01T11:30:00.000Z,2025-01-01T11:33:00.000Z,529.746
2025-01-01T11:33:00.000Z,2025-01-01T11:36:00.000Z,507.234
2025-01-01T11:36:00.000Z,2025-01-01T11:39:00.000Z,498.21450000000004
2025-01-01T11:39:00.000Z,2025-01-01T11:42:00.000Z,494.02500000000003
2025-01-01T11:42:00.000Z,2025-01-01T11:45:00.000Z,486.13950000000006
2025-01-01T11:45:00.000Z,2025-01-01T11:48:00.000Z,471.45000000000005
2025-01-01T11:48:00.000Z,2025-01-01T11:51:00.000Z,456.76050000000004
2025-01-01T11:51:00.000Z,2025-01-01T11:54:00.000Z,449.4105
2025-01-01T11:54:00.000Z,2025-01-01T11:57:00.000Z,440.9895
2025-01-01T11:57:00.000Z,2025-01-01T12:00:00.000Z,452.53950000000003
2025-01-01T12:00:00.000Z,2025-01-01T12:03:00.000Z,450.45000000000005
2025-01-01T12:03:00.000Z,2025-01-01T12:06:00.000Z,450.471
2025-01-01T12:06:00.000Z,2025-01-01T12:09:00.000Z,465.6855
2025-01-01T12:09:00.000Z,2025-01-01T12:12:00.000Z,468.3105
2025-01-01T12:12:00.000Z,2025-01-01T12:15:00.000Z,468.28950000000003
2025-01-01T12:15:00.000Z,2025-01-01T12:18:00.000Z,472.96200000000005
2025-01-01T12:18:00.000Z,2025-01-01T12:21:00.000Z,470.40000000000003
2025-01-01T12:21:00.000Z,2025-01-01T12:24:00.000Z,468.321
2025-01-01T12:24:00.000Z,2025-01-01T12:27:00.000Z,462.01050000000004
2025-01-01T12:27:00.000Z,2025-01-01T12:30:00.000Z,452.55
2025-01-01T12:30:00.000Z,2025-01-01T12:33:00.000Z,450.4395
2025-01-01T12:33:00.000Z,2025-01-01T12:36:00.000Z,458.85
2025-01-01T12:36:00.000Z,2025-01-01T12:39:00.000Z,459.90000000000003
2025-01-01T12:39:00.000Z,2025-01-01T12:42:00.000Z,455.70000000000005
2025-01-01T12:42:00.000Z,2025-01-01T12:45:00.000Z,452.55
2025-01-01T12:45:00.000Z,2025-01-01T12:48:00.000Z,449.38950000000006
2025-01-01T12:48:00.000Z,2025-01-01T12:51:00.000Z,450.4395
2025-01-01T12:51:00.000Z,2025-01-01T12:54:00.000Z,438.90000000000003
2025-01-01T12:54:00.000Z,2025-01-01T12:57:00.000Z,435.75
2025-01-01T12:57:00.000Z,2025-01-01T13:00:00.000Z,433.5975
2025-01-01T13:00:00.000Z,2025-01-01T13:03:00.000Z,441.52500000000003
2025-01-01T13:03:00.000Z,2025-01-01T13:06:00.000Z,448.31850000000003
2025-01-01T13:06:00.000Z,2025-01-01T13:09:00.000Z,445.17900000000003
2025-01-01T13:09:00.000Z,2025-01-01T13:12:00.000Z,450.4395
2025-01-01T13:12:00.000Z,2025-01-01T13:15:00.000Z,455.70000000000005
2025-01-01T13:15:00.000Z,2025-01-01T13:18:00.000Z,455.6895
2025-01-01T13:18:00.000Z,2025-01-01T13:21:00.000Z,459.3645
2025-01-01T13:21:00.000Z,2025-01-01T13:24:00.000Z,449.9355
2025-01-01T13:24:00.000Z,2025-01-01T13:27:00.000Z,450.45000000000005
2025-01-01T13:27:00.000Z,2025-01-01T13:30:00.000Z,443.1105
2025-01-01T13:30:00.000Z,2025-01-01T13:33:00.000Z,438.9105
2025-01-01T13:33:00.000Z,2025-01-01T13:36:00.000Z,440.475
2025-01-01T13:36:00.000Z,2025-01-01T13:39:00.000Z,437.32500000000005
2025-01-01T13:39:00.000Z,2025-01-01T13:42:00.000Z,436.8
2025-01-01T13:42:00.000Z,2025-01-01T13:45:00.000Z,446.77500000000003
2025-01-01T13:45:00.000Z,2025-01-01T13:48:00.000Z,451.4895
2025-01-01T13:48:00.000Z,2025-01-01T13:51:00.000Z,463.03950000000003
2025-01-01T13:51:00.000Z,2025-01-01T13:54:00.000Z,471.4395
2025-01-01T13:54:00.000Z,2025-01-01T13:57:00.000Z,474.6
2025-01-01T13:57:00.000Z,2025-01-01T14:00:00.000Z,477.75
2025-01-01T14:00:00.000Z,2025-01-01T14:03:00.000Z,476.70000000000005
2025-01-01T14:03:00.000Z,2025-01-01T14:06:00.000Z,485.07900000000006
2025-01-01T14:06:00.000Z,2025-01-01T14:09:00.000Z,485.08950000000004
2025-01-01T14:09:00.000Z,2025-01-01T14:12:00.000Z,495.0645
2025-01-01T14:12:00.000Z,2025-01-01T14:15:00.000Z,501.90000000000003
2025-01-01T14:15:00.000Z,2025-01-01T14:18:00.000Z,509.25
2025-01-01T14:18:00.000Z,2025-01-01T14:21:00.000Z,499.8
2025-01-01T14:21:00.000Z,2025-01-01T14:24:00.000Z,493.5
2025-01-01T14:24:00.000Z,2025-01-01T14:27:00.000Z,478.30649999999997
2025-01-01T14:27:00.000Z,2025-01-01T14:30:00.000Z,469.371
2025-01-01T14:30:00.000Z,2025-01-01T14:33:00.000Z,465.171
2025-01-01T14:33:00.000Z,2025-01-01T14:36:00.000Z,460.9605
2025-01-01T14:36:00.000Z,2025-01-01T14:39:00.000Z,445.2105
2025-01-01T14:39:00.000Z,2025-01-01T14:42:00.000Z,443.1105
2025-01-01T14:42:00.000Z,2025-01-01T14:45:00.000Z,427.88550000000004
2025-01-01T14:45:00.000Z,2025-01-01T14:48:00.000Z,418.95000000000005
2025-01-01T14:48:00.000Z,2025-01-01T14:51:00.000Z,404.26050000000004
2025-01-01T14:51:00.000Z,2025-01-01T14:54:00.000Z,406.35
2025-01-01T14:54:00.000Z,2025-01-01T14:57:00.000Z,402.1605
2025-01-01T14:57:00.000Z,2025-01-01T15:00:00.000Z,394.78950000000003
2025-01-01T15:00:00.000Z,2025-01-01T15:03:00.000Z,396.90000000000003
2025-01-01T15:03:00.000Z,2025-01-01T15:06:00.000Z,384.3
2025-01-01T15:06:00.000Z,2025-01-01T15:09:00.000Z,384.3105
2025-01-01T15:09:00.000Z,2025-01-01T15:12:00.000Z,377.9895
2025-01-01T15:12:00.000Z,2025-01-01T15:15:00.000Z,382.2
2025-01-01T15:15:00.000Z,2025-01-01T15:18:00.000Z,384.28950000000003
2025-01-01T15:18:00.000Z,2025-01-01T15:21:00.000Z,385.35
2025-01-01T15:21:00.000Z,2025-01-01T15:24:00.000Z,388.4895
2025-01-01T15:24:00.000Z,2025-01-01T15:27:00.000Z,392.16450000000003
2025-01-01T15:27:00.000Z,2025-01-01T15:30:00.000Z,394.8
2025-01-01T15:30:00.000Z,2025-01-01T15:33:00.000Z,392.7105
2025-01-01T15:33:00.000Z,2025-01-01T15:36:00.000Z,384.3
2025-01-01T15:36:00.000Z,2025-01-01T15:39:00.000Z,369.6
2025-01-01T15:39:00.000Z,2025-01-01T15:42:00.000Z,361.221
2025-01-01T15:42:00.000Z,2025-01-01T15:45:00.000Z,363.80400000000003
2025-01-01T15:45:00.000Z,2025-01-01T15:48:00.000Z,359.625
2025-01-01T15:48:00.000Z,2025-01-01T15:51:00.000Z,365.40000000000003
2025-01-01T15:51:00.000Z,2025-01-01T15:54:00.000Z,366.45
2025-01-01T15:54:00.000Z,2025-01-01T15:57:00.000Z,366.4605
2025-01-01T15:57:00.000Z,2025-01-01T16:00:00.000Z,370.1355
2025-01-01T16:00:00.000Z,2025-01-01T16:03:00.000Z,378.0
2025-01-01T16:03:00.000Z,2025-01-01T16:06:00.000Z,371.7
2025-01-01T16:06:00.000Z,2025-01-01T16:09:00.000Z,374.83950000000004
2025-01-01T16:09:00.000Z,2025-01-01T16:12:00.000Z,370.65000000000003
2025-01-01T16:12:00.000Z,2025-01-01T16:15:00.000Z,373.78950000000003
2025-01-01T16:15:00.000Z,2025-01-01T16:18:00.000Z,372.75
2025-01-01T16:18:00.000Z,2025-01-01T16:21:00.000Z,373.2645
2025-01-01T16:21:00.000Z,2025-01-01T16:24:00.000Z,376.9395
2025-01-01T16:24:00.000Z,2025-01-01T16:27:00.000Z,371.7315
2025-01-01T16:27:00.000Z,2025-01-01T16:30:00.000Z,371.7105
2025-01-01T16:30:00.000Z,2025-01-01T16:33:00.000Z,371.7
2025-01-01T16:33:00.000Z,2025-01-01T16:36:00.000Z,372.75
2025-01-01T16:36:00.000Z,2025-01-01T16:39:00.000Z,371.7
2025-01-01T16:39:00.000Z,2025-01-01T16:42:00.000Z,358.575
2025-01-01T16:42:00.000Z,2025-01-01T16:45:00.000Z,352.8105
2025-01-01T16:45:00.000Z,2025-01-01T16:48:00.000Z,346.5
2025-01-01T16:48:00.000Z,2025-01-01T16:51:00.000Z,337.07099999999997
2025-01-01T16:51:00.000Z,2025-01-01T16:54:00.000Z,334.95
2025-01-01T16:54:00.000Z,2025-01-01T16:57:00.000Z,334.9395
2025-01-01T16:57:00.000Z,2025-01-01T17:00:00.000Z,342.28950000000003
2025-01-01T17:00:00.000Z,2025-01-01T17:03:00.000Z,344.358
2025-01-01T17:03:00.000Z,2025-01-01T17:06:00.000Z,344.40000000000003
2025-01-01T17:06:00.000Z,2025-01-01T17:09:00.000Z,342.3
2025-01-01T17:09:00.000Z,2025-01-01T17:12:00.000Z,339.15000000000003
2025-01-01T17:12:00.000Z,2025-01-01T17:15:00.000Z,342.3
2025-01-01T17:15:00.000Z,2025-01-01T17:18:00.000Z,340.725
2025-01-01T17:18:00.000Z,2025-01-01T17:21:00.000Z,339.15000000000003
2025-01-01T17:21:00.000Z,2025-01-01T17:24:00.000Z,329.7105
2025-01-01T17:24:00.000Z,2025-01-01T17:27:00.000Z,322.35
2025-01-01T17:27:00.000Z,2025-01-01T17:30:00.000Z,323.40000000000003
2025-01-01T17:30:00.000Z,2025-01-01T17:33:00.000Z,322.35
2025-01-01T17:33:00.000Z,2025-01-01T17:36:00.000Z,323.40000000000003
2025-01-01T17:36:00.000Z,2025-01-01T17:39:00.000Z,327.075
2025-01-01T17:39:00.000Z,2025-01-01T17:42:00.000Z,335.9895
2025-01-01T17:42:00.000Z,2025-01-01T17:45:00.000Z,338.1
2025-01-01T17:45:00.000Z,2025-01-01T17:48:00.000Z,346.5
2025-01-01T17:48:00.000Z,2025-01-01T17:51:00.000Z,352.8
2025-01-01T17:51:00.000Z,2025-01-01T17:54:00.000Z,356.9895
2025-01-01T17:54:00.000Z,2025-01-01T17:57:00.000Z,362.21850000000006
2025-01-01T17:57:00.000Z,2025-01-01T18:00:00.000Z,367.4895
2025-01-01T18:00:00.000Z,2025-01-01T18:03:00.000Z,364.8855
2025-01-01T18:03:00.000Z,2025-01-01T18:06:00.000Z,372.7395
2025-01-01T18:06:00.000Z,2025-01-01T18:09:00.000Z,375.90000000000003
2025-01-01T18:09:00.000Z,2025-01-01T18:12:00.000Z,367.5105
2025-01-01T18:12:00.000Z,2025-01-01T18:15:00.000Z,353.8605
2025-01-01T18:15:00.000Z,2025-01-01T18:18:00.000Z,343.875
2025-01-01T18:18:00.000Z,2025-01-01T18:21:00.000Z,338.6145
2025-01-01T18:21:00.000Z,2025-01-01T18:24:00.000Z,329.7
2025-01-01T18:24:00.000Z,2025-01-01T18:27:00.000Z,320.25
2025-01-01T18:27:00.000Z,2025-01-01T18:30:00.000Z,316.05
2025-01-01T18:30:00.000Z,2025-01-01T18:33:00.000Z,312.90000000000003
2025-01-01T18:33:00.000Z,2025-01-01T18:36:00.000Z,311.85
2025-01-01T18:36:00.000Z,2025-01-01T18:39:00.000Z,290.3355
2025-01-01T18:39:00.000Z,2025-01-01T18:42:00.000Z,285.6105
2025-01-01T18:42:00.000Z,2025-01-01T18:45:00.000Z,276.1605
2025-01-01T18:45:00.000Z,2025-01-01T18:48:00.000Z,270.90000000000003
2025-01-01T18:48:00.000Z,2025-01-01T18:51:00.000Z,269.85
2025-01-01T18:51:00.000Z,2025-01-01T18:54:00.000Z,265.6395
2025-01-01T18:54:00.000Z,2025-01-01T18:57:00.000Z,267.225
2025-01-01T18:57:00.000Z,2025-01-01T19:00:00.000Z,259.35
2025-01-01T19:00:00.000Z,2025-01-01T19:03:00.000Z,255.15
2025-01-01T19:03:00.000Z,2025-01-01T19:06:00.000Z,256.725
2025-01-01T19:06:00.000Z,2025-01-01T19:09:00.000Z,247.8
2025-01-01T19:09:00.000Z,2025-01-01T19:12:00.000Z,237.3
2025-01-01T19:12:00.000Z,2025-01-01T19:15:00.000Z,239.4
2025-01-01T19:15:00.000Z,2025-01-01T19:18:00.000Z,238.35000000000002
2025-01-01T19:18:00.000Z,2025-01-01T19:21:00.000Z,240.45000000000002
2025-01-01T19:21:00.000Z,2025-01-01T19:24:00.000Z,233.10000000000002
2025-01-01T19:24:00.000Z,2025-01-01T19:27:00.000Z,225.75
2025-01-01T19:27:00.000Z,2025-01-01T19:30:00.000Z,217.35000000000002
2025-01-01T19:30:00.000Z,2025-01-01T19:33:00.000Z,208.992
2025-01-01T19:33:00.000Z,2025-01-01T19:36:00.000Z,208.95000000000002
2025-01-01T19:36:00.000Z,2025-01-01T19:39:00.000Z,208.97100000000003
2025-01-01T19:39:00.000Z,2025-01-01T19:42:00.000Z,201.60000000000002
2025-01-01T19:42:00.000Z,2025-01-01T19:45:00.000Z,197.4
2025-01-01T19:45:00.000Z,2025-01-01T19:48:00.000Z,196.875
2025-01-01T19:48:00.000Z,2025-01-01T19:51:00.000Z,195.3
2025-01-01T19:51:00.000Z,2025-01-01T19:54:00.000Z,192.15
2025-01-01T19:54:00.000Z,2025-01-01T19:57:00.000Z,189.02100000000002
2025-01-01T19:57:00.000Z,2025-01-01T20:00:00.000Z,193.20000000000002
2025-01-01T20:00:00.000Z,2025-01-01T20:03:00.000Z,185.32500000000002
2025-01-01T20:03:00.000Z,2025-01-01T20:06:00.000Z,180.58950000000002
2025-01-01T20:06:00.000Z,2025-01-01T20:09:00.000Z,185.83950000000002
2025-01-01T20:09:00.000Z,2025-01-01T20:12:00.000Z,181.65
2025-01-01T20:12:00.000Z,2025-01-01T20:15:00.000Z,172.2105
2025-01-01T20:15:00.000Z,2025-01-01T20:18:00.000Z,169.57500000000002
2025-01-01T20:18:00.000Z,2025-01-01T20:21:00.000Z,173.25
2025-01-01T20:21:00.000Z,2025-01-01T20:24:00.000Z,173.2605
2025-01-01T20:24:00.000Z,2025-01-01T20:27:00.000Z,172.20000000000002
2025-01-01T20:27:00.000Z,2025-01-01T20:30:00.000Z,166.9605
2025-01-01T20:30:00.000Z,2025-01-01T20:33:00.000Z,159.6
2025-01-01T20:33:00.000Z,2025-01-01T20:36:00.000Z,158.55
2025-01-01T20:36:00.000Z,2025-01-01T20:39:00.000Z,159.58950000000002
2025-01-01T20:39:00.000Z,2025-01-01T20:42:00.000Z,162.75
2025-01-01T20:42:00.000Z,2025-01-01T20:45:00.000Z,163.26450000000003
2025-01-01T20:45:00.000Z,2025-01-01T20:48:00.000Z,173.25
2025-01-01T20:48:00.000Z,2025-01-01T20:51:00.000Z,179.004
2025-01-01T20:51:00.000Z,2025-01-01T20:54:00.000Z,180.6
2025-01-01T20:54:00.000Z,2025-01-01T20:57:00.000Z,179.03549999999998
2025-01-01T20:57:00.000Z,2025-01-01T21:00:00.000Z,177.45000000000002
2025-01-01T21:00:00.000Z,2025-01-01T21:03:00.000Z,176.4
2025-01-01T21:03:00.000Z,2025-01-01T21:06:00.000Z,175.875
2025-01-01T21:06:00.000Z,2025-01-01T21:09:00.000Z,183.75
2025-01-01T21:09:00.000Z,2025-01-01T21:12:00.000Z,182.70000000000002
2025-01-01T21:12:00.000Z,2025-01-01T21:15:00.000Z,188.98950000000002
2025-01-01T21:15:00.000Z,2025-01-01T21:18:00.000Z,185.85
2025-01-01T21:18:00.000Z,2025-01-01T21:21:00.000Z,197.4
2025-01-01T21:21:00.000Z,2025-01-01T21:24:00.000Z,200.5605
2025-01-01T21:24:00.000Z,2025-01-01T21:27:00.000Z,203.70000000000002
2025-01-01T21:27:00.000Z,2025-01-01T21:30:00.000Z,197.4
2025-01-01T21:30:00.000Z,2025-01-01T21:33:00.000Z,200.55
2025-01-01T21:33:00.000Z,2025-01-01T21:36:00.000Z,203.679
2025-01-01T21:36:00.000Z,2025-01-01T21:39:00.000Z,206.83950000000002
2025-01-01T21:39:00.000Z,2025-01-01T21:42:00.000Z,212.10000000000002
2025-01-01T21:42:00.000Z,2025-01-01T21:45:00.000Z,220.5
2025-01-01T21:45:00.000Z,2025-01-01T21:48:00.000Z,224.70000000000002
2025-01-01T21:48:00.000Z,2025-01-01T21:51:00.000Z,227.829
2025-01-01T21:51:00.000Z,2025-01-01T21:54:00.000Z,230.98950000000002
2025-01-01T21:54:00.000Z,2025-01-01T21:57:00.000Z,228.375
2025-01-01T21:57:00.000Z,2025-01-01T22:00:00.000Z,225.7185
2025-01-01T22:00:00.000Z,2025-01-01T22:03:00.000Z,230.46450000000002
2025-01-01T22:03:00.000Z,2025-01-01T22:06:00.000Z,232.01850000000002
2025-01-01T22:06:00.000Z,2025-01-01T22:09:00.000Z,232.05
2025-01-01T22:09:00.000Z,2025-01-01T22:12:00.000Z,233.61450000000002
2025-01-01T22:12:00.000Z,2025-01-01T22:15:00.000Z,233.121
2025-01-01T22:15:00.000Z,2025-01-01T22:18:00.000Z,238.35000000000002
2025-01-01T22:18:00.000Z,2025-01-01T22:21:00.000Z,236.775
2025-01-01T22:21:00.000Z,2025-01-01T22:24:00.000Z,241.5
2025-01-01T22:24:00.000Z,2025-01-01T22:27:00.000Z,242.55
2025-01-01T22:27:00.000Z,2025-01-01T22:30:00.000Z,256.1895
2025-01-01T22:30:00.000Z,2025-01-01T22:33:00.000Z,256.2
2025-01-01T22:33:00.000Z,2025-01-01T22:36:00.000Z,265.6605
2025-01-01T22:36:00.000Z,2025-01-01T22:39:00.000Z,279.28950000000003
2025-01-01T22:39:00.000Z,2025-01-01T22:42:00.000Z,284.55
2025-01-01T22:42:00.000Z,2025-01-01T22:45:00.000Z,289.8
2025-01-01T22:45:00.000Z,2025-01-01T22:48:00.000Z,283.5
2025-01-01T22:48:00.000Z,2025-01-01T22:51:00.000Z,291.90000000000003
2025-01-01T22:51:00.000Z,2025-01-01T22:54:00.000Z,299.77500000000003
2025-01-01T22:54:00.000Z,2025-01-01T22:57:00.000Z,308.175
2025-01-01T22:57:00.000Z,2025-01-01T23:00:00.000Z,320.25
2025-01-01T23:00:00.000Z,2025-01-01T23:03:00.000Z,323.40000000000003
2025-01-01T23:03:00.000Z,2025-01-01T23:06:00.000Z,334.95
2025-01-01T23:06:00.000Z,2025-01-01T23:09:00.000Z,332.85
2025-01-01T23:09:00.000Z,2025-01-01T23:12:00.000Z,321.3105
2025-01-01T23:12:00.000Z,2025-01-01T23:15:00.000Z,326.5605
2025-01-01T23:15:00.000Z,2025-01-01T23:18:00.000Z,324.9855
2025-01-01T23:18:00.000Z,2025-01-01T23:21:00.000Z,337.05
2025-01-01T23:21:00.000Z,2025-01-01T23:24:00.000Z,345.45
2025-01-01T23:24:00.000Z,2025-01-01T23:27:00.000Z,354.9105
2025-01-01T23:27:00.000Z,2025-01-01T23:30:00.000Z,355.9395
2025-01-01T23:30:00.000Z,2025-01-01T23:33:00.000Z,363.3
2025-01-01T23:33:00.000Z,2025-01-01T23:36:00.000Z,375.3645
2025-01-01T23:36:00.000Z,2025-01-01T23:39:00.000Z,384.32099999999997
2025-01-01T23:39:00.000Z,2025-01-01T23:42:00.000Z,391.6605
2025-01-01T23:42:00.000Z,2025-01-01T23:45:00.000Z,392.7
2025-01-01T23:45:00.000Z,2025-01-01T23:48:00.000Z,400.03950000000003
2025-01-01T23:48:00.000Z,2025-01-01T23:51:00.000Z,412.65000000000003
2025-01-01T23:51:00.000Z,2025-01-01T23:54:00.000Z,421.05
2025-01-01T23:54:00.000Z,2025-01-01T23:57:00.000Z,425.2395
2025-01-01T23:57:00.000Z,2025-01-02T00:00:00.000Z,434.70000000000005
2025-01-02T00:00:00.000Z,2025-01-02T00:03:00.000Z,435.75
2025-01-02T00:03:00.000Z,2025-01-02T00:06:00.000Z,442.05
2025-01-02T00:06:00.000Z,2025-01-02T00:09:00.000Z,455.133
2025-01-02T00:09:00.000Z,2025-01-02T00:12:00.000Z,462.4725
2025-01-02T00:12:00.000Z,2025-01-02T00:15:00.000Z,468.3
2025-01-02T00:15:00.000Z,2025-01-02T00:18:00.000Z,466.725
2025-01-02T00:18:00.000Z,2025-01-02T00:21:00.000Z,460.95000000000005
2025-01-02T00:21:00.000Z,2025-01-02T00:24:00.000Z,459.90000000000003
2025-01-02T00:24:00.000Z,2025-01-02T00:27:00.000Z,466.20000000000005
2025-01-02T00:27:00.000Z,2025-01-02T00:30:00.000Z,446.2395
2025-01-02T00:30:00.000Z,2025-01-02T00:33:00.000Z,457.8
2025-01-02T00:33:00.000Z,2025-01-02T00:36:00.000Z,449.40000000000003
2025-01-02T00:36:00.000Z,2025-01-02T00:39:00.000Z,458.85
2025-01-02T00:39:00.000Z,2025-01-02T00:42:00.000Z,448.3605
2025-01-02T00:42:00.000Z,2025-01-02T00:45:00.000Z,439.4355
2025-01-02T00:45:00.000Z,2025-01-02T00:48:00.000Z,436.8
2025-01-02T00:48:00.000Z,2025-01-02T00:51:00.000Z,435.76050000000004
2025-01-02T00:51:00.000Z,2025-01-02T00:54:00.000Z,448.33950000000004
2025-01-02T00:54:00.000Z,2025-01-02T00:57:00.000Z,452.55
2025-01-02T00:57:00.000Z,2025-01-02T01:00:00.000Z,452.01450000000006
2025-01-02T01:00:00.000Z,2025-01-02T01:03:00.000Z,447.82500000000005
2025-01-02T01:03:00.000Z,2025-01-02T01:06:00.000Z,450.4395
2025-01-02T01:06:00.000Z,2025-01-02T01:09:00.000Z,448.35
2025-01-02T01:09:00.000Z,2025-01-02T01:12:00.000Z,439.9395
2025-01-02T01:12:00.000Z,2025-01-02T01:15:00.000Z,442.02900000000005
2025-01-02T01:15:00.000Z,2025-01-02T01:18:00.000Z,448.35
2025-01-02T01:18:00.000Z,2025-01-02T01:21:00.000Z,448.875
2025-01-02T01:21:00.000Z,2025-01-02T01:24:00.000Z,442.03950000000003
2025-01-02T01:24:00.000Z,2025-01-02T01:27:00.000Z,433.125
2025-01-02T01:27:00.000Z,2025-01-02T01:30:00.000Z,434.16450000000003
2025-01-02T01:30:00.000Z,2025-01-02T01:33:00.000Z,430.5
2025-01-02T01:33:00.000Z,2025-01-02T01:36:00.000Z,433.65000000000003
2025-01-02T01:36:00.000Z,2025-01-02T01:39:00.000Z,434.6895
2025-01-02T01:39:00.000Z,2025-01-02T01:42:00.000Z,460.95000000000005
2025-01-02T01:42:00.000Z,2025-01-02T01:45:00.000Z,467.7855
2025-01-02T01:45:00.000Z,2025-01-02T01:48:00.000Z,453.621
2025-01-02T01:48:00.000Z,2025-01-02T01:51:00.000Z,450.975
2025-01-02T01:51:00.000Z,2025-01-02T01:54:00.000Z,448.35
2025-01-02T01:54:00.000Z,2025-01-02T01:57:00.000Z,464.625
2025-01-02T01:57:00.000Z,2025-01-02T02:00:00.000Z,484.57500000000005
2025-01-02T02:00:00.000Z,2025-01-02T02:03:00.000Z,490.88550000000004
2025-01-02T02:03:00.000Z,2025-01-02T02:06:00.000Z,509.22900000000004
2025-01-02T02:06:00.000Z,2025-01-02T02:09:00.000Z,520.779
2025-01-02T02:09:00.000Z,2025-01-02T02:12:00.000Z,530.7645
2025-01-02T02:12:00.000Z,2025-01-02T02:15:00.000Z,532.8855
2025-01-02T02:15:00.000Z,2025-01-02T02:18:00.000Z,524.4855
2025-01-02T02:18:00.000Z,2025-01-02T02:21:00.000Z,520.779
2025-01-02T02:21:00.000Z,2025-01-02T02:24:00.000Z,525.0105
2025-01-02T02:24:00.000Z,2025-01-02T02:27:00.000Z,508.2105
2025-01-02T02:27:00.000Z,2025-01-02T02:30:00.000Z,496.65000000000003
2025-01-02T02:30:00.000Z,2025-01-02T02:33:00.000Z,495.6105
2025-01-02T02:33:00.000Z,2025-01-02T02:36:00.000Z,512.3895
2025-01-02T02:36:00.000Z,2025-01-02T02:39:00.000Z,510.3
2025-01-02T02:39:00.000Z,2025-01-02T02:42:00.000Z,509.25
2025-01-02T02:42:00.000Z,2025-01-02T02:45:00.000Z,500.89200000000005
2025-01-02T02:45:00.000Z,2025-01-02T02:48:00.000Z,498.75
2025-01-02T02:48:00.000Z,2025-01-02T02:51:00.000Z,494.55
2025-01-02T02:51:00.000Z,2025-01-02T02:54:00.000Z,495.58950000000004
2025-01-02T02:54:00.000Z,2025-01-02T02:57:00.000Z,458.871
2025-01-02T02:57:00.000Z,2025-01-02T03:00:00.000Z,448.35
2025-01-02T03:00:00.000Z,2025-01-02T03:03:00.000Z,434.7105
2025-01-02T03:03:00.000Z,2025-01-02T03:06:00.000Z,433.65000000000003
2025-01-02T03:06:00.000Z,2025-01-02T03:09:00.000Z,446.21850000000006
2025-01-02T03:09:00.000Z,2025-01-02T03:12:00.000Z,454.6605
2025-01-02T03:12:00.000Z,2025-01-02T03:15:00.000Z,464.058
2025-01-02T03:15:00.000Z,2025-01-02T03:18:00.000Z,484.03950000000003
2025-01-02T03:18:00.000Z,2025-01-02T03:21:00.000Z,497.6895
2025-01-02T03:21:00.000Z,2025-01-02T03:24:00.000Z,489.8355
2025-01-02T03:24:00.000Z,2025-01-02T03:27:00.000Z,502.9395
2025-01-02T03:27:00.000Z,2025-01-02T03:30:00.000Z,490.3605
2025-01-02T03:30:00.000Z,2025-01-02T03:33:00.000Z,494.01450000000006
2025-01-02T03:33:00.000Z,2025-01-02T03:36:00.000Z,491.4105
2025-01-02T03:36:00.000Z,2025-01-02T03:39:00.000Z,490.875
2025-01-02T03:39:00.000Z,2025-01-02T03:42:00.000Z,475.65000000000003
2025-01-02T03:42:00.000Z,2025-01-02T03:45:00.000Z,465.18149999999997
2025-01-02T03:45:00.000Z,2025-01-02T03:48:00.000Z,450.9855
2025-01-02T03:48:00.000Z,2025-01-02T03:51:00.000Z,416.8605
2025-01-02T03:51:00.000Z,2025-01-02T03:54:00.000Z,402.1605
2025-01-02T03:54:00.000Z,2025-01-02T03:57:00.000Z,378.0
2025-01-02T03:57:00.000Z,2025-01-02T04:00:00.000Z,375.879
2025-01-02T04:00:00.000Z,2025-01-02T04:03:00.000Z,423.13950000000006
2025-01-02T04:03:00.000Z,2025-01-02T04:06:00.000Z,431.01450000000006
2025-01-02T04:06:00.000Z,2025-01-02T04:09:00.000Z,430.5
2025-01-02T04:09:00.000Z,2025-01-02T04:12:00.000Z,445.20000000000005
2025-01-02T04:12:00.000Z,2025-01-02T04:15:00.000Z,447.28950000000003
2025-01-02T04:15:00.000Z,2025-01-02T04:18:00.000Z,437.90250000000003
2025-01-02T04:18:00.000Z,2025-01-02T04:21:00.000Z,447.79350000000005
2025-01-02T04:21:00.000Z,2025-01-02T04:24:00.000Z,427.896
2025-01-02T04:24:00.000Z,2025-01-02T04:27:00.000Z,415.8315
2025-01-02T04:27:00.000Z,2025-01-02T04:30:00.000Z,401.121
2025-01-02T04:30:00.000Z,2025-01-02T04:33:00.000Z,386.4105
2025-01-02T04:33:00.000Z,2025-01-02T04:36:00.000Z,371.6895
2025-01-02T04:36:00.000Z,2025-01-02T04:39:00.000Z,373.32750000000004
2025-01-02T04:39:00.000Z,2025-01-02T04:42:00.000Z,367.00649999999996
2025-01-02T04:42:00.000Z,2025-01-02T04:45:00.000Z,383.2815
2025-01-02T04:45:00.000Z,2025-01-02T04:48:00.000Z,364.35
2025-01-02T04:48:00.000Z,2025-01-02T04:51:00.000Z,371.7
2025-01-02T04:51:00.000Z,2025-01-02T04:54:00.000Z,364.8855
2025-01-02T04:54:00.000Z,2025-01-02T04:57:00.000Z,362.21850000000006
2025-01-02T04:57:00.000Z,2025-01-02T05:00:00.000Z,362.2395
2025-01-02T05:00:00.000Z,2025-01-02T05:03:00.000Z,363.8145
2025-01-02T05:03:00.000Z,2025-01-02T05:06:00.000Z,349.65000000000003
2025-01-02T05:06:00.000Z,2025-01-02T05:09:00.000Z,334.9605
2025-01-02T05:09:00.000Z,2025-01-02T05:12:00.000Z,323.40000000000003
2025-01-02T05:12:00.000Z,2025-01-02T05:15:00.000Z,328.65000000000003
2025-01-02T05:15:00.000Z,2025-01-02T05:18:00.000Z,325.521
2025-01-02T05:18:00.000Z,2025-01-02T05:21:00.000Z,319.242
2025-01-02T05:21:00.000Z,2025-01-02T05:24:00.000Z,327.6105
2025-01-02T05:24:00.000Z,2025-01-02T05:27:00.000Z,309.7605
2025-01-02T05:27:00.000Z,2025-01-02T05:30:00.000Z,295.596
2025-01-02T05:30:00.000Z,2025-01-02T05:33:00.000Z,325.99350000000004
2025-01-02T05:33:00.000Z,2025-01-02T05:36:00.000Z,310.8
2025-01-02T05:36:00.000Z,2025-01-02T05:39:00.000Z,299.25
2025-01-02T05:39:00.000Z,2025-01-02T05:42:00.000Z,289.8
2025-01-02T05:42:00.000Z,2025-01-02T05:45:00.000Z,285.6105
2025-01-02T05:45:00.000Z,2025-01-02T05:48:00.000Z,268.8
2025-01-02T05:48:00.000Z,2025-01-02T05:51:00.000Z,269.8605
2025-01-02T05:51:00.000Z,2025-01-02T05:54:00.000Z,272.46450000000004
2025-01-02T05:54:00.000Z,2025-01-02T05:57:00.000Z,264.6105
2025-01-02T05:57:00.000Z,2025-01-02T06:00:00.000Z,263.53950000000003
2025-01-02T06:00:00.000Z,2025-01-02T06:03:00.000Z,267.7395
2025-01-02T06:03:00.000Z,2025-01-02T06:06:00.000Z,283.4895
2025-01-02T06:06:00.000Z,2025-01-02T06:09:00.000Z,278.22900000000004
2025-01-02T06:09:00.000Z,2025-01-02T06:12:00.000Z,292.41450000000003
2025-01-02T06:12:00.000Z,2025-01-02T06:15:00.000Z,286.671
2025-01-02T06:15:00.000Z,2025-01-02T06:18:00.000Z,294.0
2025-01-02T06:18:00.000Z,2025-01-02T06:21:00.000Z,288.771
2025-01-02T06:21:00.000Z,2025-01-02T06:24:00.000Z,291.90000000000003
2025-01-02T06:24:00.000Z,2025-01-02T06:27:00.000Z,309.75
2025-01-02T06:27:00.000Z,2025-01-02T06:30:00.000Z,326.5185
2025-01-02T06:30:00.000Z,2025-01-02T06:33:00.000Z,330.75
2025-01-02T06:33:00.000Z,2025-01-02T06:36:00.000Z,324.45
2025-01-02T06:36:00.000Z,2025-01-02T06:39:00.000Z,319.17900000000003
2025-01-02T06:39:00.000Z,2025-01-02T06:42:00.000Z,323.3895
2025-01-02T06:42:00.000Z,2025-01-02T06:45:00.000Z,316.03950000000003
2025-01-02T06:45:00.000Z,2025-01-02T06:48:00.000Z,319.2
2025-01-02T06:48:00.000Z,2025-01-02T06:51:00.000Z,326.5605
2025-01-02T06:51:00.000Z,2025-01-02T06:54:00.000Z,332.85
2025-01-02T06:54:00.000Z,2025-01-02T06:57:00.000Z,339.1395
2025-01-02T06:57:00.000Z,2025-01-02T07:00:00.000Z,339.15000000000003
2025-01-02T07:00:00.000Z,2025-01-02T07:03:00.000Z,345.975
2025-01-02T07:03:00.000Z,2025-01-02T07:06:00.000Z,344.91450000000003
2025-01-02T07:06:00.000Z,2025-01-02T07:09:00.000Z,343.35
2025-01-02T07:09:00.000Z,2025-01-02T07:12:00.000Z,344.36850000000004
2025-01-02T07:12:00.000Z,2025-01-02T07:15:00.000Z,348.6
2025-01-02T07:15:00.000Z,2025-01-02T07:18:00.000Z,345.96450000000004
2025-01-02T07:18:00.000Z,2025-01-02T07:21:00.000Z,349.65000000000003
2025-01-02T07:21:00.000Z,2025-01-02T07:24:00.000Z,343.8855
2025-01-02T07:24:00.000Z,2025-01-02T07:27:00.000Z,328.1355
2025-01-02T07:27:00.000Z,2025-01-02T07:30:00.000Z,319.2105
2025-01-02T07:30:00.000Z,2025-01-02T07:33:00.000Z,315.52500000000003
2025-01-02T07:33:00.000Z,2025-01-02T07:36:00.000Z,314.475
2025-01-02T07:36:00.000Z,2025-01-02T07:39:00.000Z,318.15000000000003
2025-01-02T07:39:00.000Z,2025-01-02T07:42:00.000Z,323.3895
2025-01-02T07:42:00.000Z,2025-01-02T07:45:00.000Z,327.6105
2025-01-02T07:45:00.000Z,2025-01-02T07:48:00.000Z,329.7105
2025-01-02T07:48:00.000Z,2025-01-02T07:51:00.000Z,321.3
2025-01-02T07:51:00.000Z,2025-01-02T07:54:00.000Z,325.521
2025-01-02T07:54:00.000Z,2025-01-02T07:57:00.000Z,328.6395
2025-01-02T07:57:00.000Z,2025-01-02T08:00:00.000Z,318.675
2025-01-02T08:00:00.000Z,2025-01-02T08:03:00.000Z,309.75
2025-01-02T08:03:00.000Z,2025-01-02T08:06:00.000Z,302.40000000000003
2025-01-02T08:06:00.000Z,2025-01-02T08:09:00.000Z,306.6
2025-01-02T08:09:00.000Z,2025-01-02T08:12:00.000Z,301.3605
2025-01-02T08:12:00.000Z,2025-01-02T08:15:00.000Z,302.40000000000003
2025-01-02T08:15:00.000Z,2025-01-02T08:18:00.000Z,284.55
2025-01-02T08:18:00.000Z,2025-01-02T08:21:00.000Z,281.40000000000003
2025-01-02T08:21:00.000Z,2025-01-02T08:24:00.000Z,268.8
2025-01-02T08:24:00.000Z,2025-01-02T08:27:00.000Z,261.45
2025-01-02T08:27:00.000Z,2025-01-02T08:30:00.000Z,249.9105
2025-01-02T08:30:00.000Z,2025-01-02T08:33:00.000Z,248.85000000000002
2025-01-02T08:33:00.000Z,2025-01-02T08:36:00.000Z,245.70000000000002
2025-01-02T08:36:00.000Z,2025-01-02T08:39:00.000Z,251.46450000000002
2025-01-02T08:39:00.000Z,2025-01-02T08:42:00.000Z,255.15
2025-01-02T08:42:00.000Z,2025-01-02T08:45:00.000Z,249.9105
2025-01-02T08:45:00.000Z,2025-01-02T08:48:00.000Z,255.675
2025-01-02T08:48:00.000Z,2025-01-02T08:51:00.000Z,250.95000000000002
2025-01-02T08:51:00.000Z,2025-01-02T08:54:00.000Z,256.1895
2025-01-02T08:54:00.000Z,2025-01-02T08:57:00.000Z,265.65000000000003
2025-01-02T08:57:00.000Z,2025-01-02T09:00:00.000Z,264.054
2025-01-02T09:00:00.000Z,2025-01-02T09:03:00.000Z,271.9395
2025-01-02T09:03:00.000Z,2025-01-02T09:06:00.000Z,283.4895
2025-01-02T09:06:00.000Z,2025-01-02T09:09:00.000Z,284.5605
2025-01-02T09:09:00.000Z,2025-01-02T09:12:00.000Z,287.1855
2025-01-02T09:12:00.000Z,2025-01-02T09:15:00.000Z,283.5
2025-01-02T09:15:00.000Z,2025-01-02T09:18:00.000Z,296.59350000000006
2025-01-02T09:18:00.000Z,2025-01-02T09:21:00.000Z,290.8605
2025-01-02T09:21:00.000Z,2025-01-02T09:24:00.000Z,295.05
2025-01-02T09:24:00.000Z,2025-01-02T09:27:00.000Z,303.45
2025-01-02T09:27:00.000Z,2025-01-02T09:30:00.000Z,328.65000000000003
2025-01-02T09:30:00.000Z,2025-01-02T09:33:00.000Z,330.225
2025-01-02T09:33:00.000Z,2025-01-02T09:36:00.000Z,326.55
2025-01-02T09:36:00.000Z,2025-01-02T09:39:00.000Z,333.8895
2025-01-02T09:39:00.000Z,2025-01-02T09:42:00.000Z,336.0
2025-01-02T09:42:00.000Z,2025-01-02T09:45:00.000Z,327.6
2025-01-02T09:45:00.000Z,2025-01-02T09:48:00.000Z,323.925
2025-01-02T09:48:00.000Z,2025-01-02T09:51:00.000Z,327.075
2025-01-02T09:51:00.000Z,2025-01-02T09:54:00.000Z,331.8
2025-01-02T09:54:00.000Z,2025-01-02T09:57:00.000Z,344.925
2025-01-02T09:57:00.000Z,2025-01-02T10:00:00.000Z,344.4105
2025-01-02T10:00:00.000Z,2025-01-02T10:03:00.000Z,336.0
2025-01-02T10:03:00.000Z,2025-01-02T10:06:00.000Z,330.75
2025-01-02T10:06:00.000Z,2025-01-02T10:09:00.000Z,331.27500000000003
2025-01-02T10:09:00.000Z,2025-01-02T10:12:00.000Z,334.4355
2025-01-02T10:12:00.000Z,2025-01-02T10:15:00.000Z,337.0605
2025-01-02T10:15:00.000Z,2025-01-02T10:18:00.000Z,327.621
2025-01-02T10:18:00.000Z,2025-01-02T10:21:00.000Z,334.95
2025-01-02T10:21:00.000Z,2025-01-02T10:24:00.000Z,333.375
2025-01-02T10:24:00.000Z,2025-01-02T10:27:00.000Z,321.3
2025-01-02T10:27:00.000Z,2025-01-02T10:30:00.000Z,323.4105
2025-01-02T10:30:00.000Z,2025-01-02T10:33:00.000Z,330.75
2025-01-02T10:33:00.000Z,2025-01-02T10:36:00.000Z,337.05
2025-01-02T10:36:00.000Z,2025-01-02T10:39:00.000Z,346.4895
2025-01-02T10:39:00.000Z,2025-01-02T10:42:00.000Z,353.85
2025-01-02T10:42:00.000Z,2025-01-02T10:45:00.000Z,353.85
2025-01-02T10:45:00.000Z,2025-01-02T10:48:00.000Z,363.3
2025-01-02T10:48:00.000Z,2025-01-02T10:51:00.000Z,365.43149999999997
2025-01-02T10:51:00.000Z,2025-01-02T10:54:00.000Z,370.65000000000003
2025-01-02T10:54:00.000Z,2025-01-02T10:57:00.000Z,370.65000000000003
2025-01-02T10:57:00.000Z,2025-01-02T11:00:00.000Z,376.92900000000003
2025-01-02T11:00:00.000Z,2025-01-02T11:03:00.000Z,381.15000000000003
2025-01-02T11:03:00.000Z,2025-01-02T11:06:00.000Z,381.675
2025-01-02T11:06:00.000Z,2025-01-02T11:09:00.000Z,376.425
2025-01-02T11:09:00.000Z,2025-01-02T11:12:00.000Z,375.90000000000003
2025-01-02T11:12:00.000Z,2025-01-02T11:15:00.000Z,375.90000000000003
2025-01-02T11:15:00.000Z,2025-01-02T11:18:00.000Z,384.28950000000003
2025-01-02T11:18:00.000Z,2025-01-02T11:21:00.000Z,378.0
2025-01-02T11:21:00.000Z,2025-01-02T11:24:00.000Z,379.05
2025-01-02T11:24:00.000Z,2025-01-02T11:27:00.000Z,365.9355
2025-01-02T11:27:00.000Z,2025-01-02T11:30:00.000Z,374.85
2025-01-02T11:30:00.000Z,2025-01-02T11:33:00.000Z,379.03950000000003
2025-01-02T11:33:00.000Z,2025-01-02T11:36:00.000Z,386.379
2025-01-02T11:36:00.000Z,2025-01-02T11:39:00.000Z,384.28950000000003
2025-01-02T11:39:00.000Z,2025-01-02T11:42:00.000Z,394.8
2025-01-02T11:42:00.000Z,2025-01-02T11:45:00.000Z,407.91450000000003
2025-01-02T11:45:00.000Z,2025-01-02T11:48:00.000Z,418.9395
2025-01-02T11:48:00.000Z,2025-01-02T11:51:00.000Z,424.20000000000005
2025-01-02T11:51:00.000Z,2025-01-02T11:54:00.000Z,440.46450000000004
2025-01-02T11:54:00.000Z,2025-01-02T11:57:00.000Z,440.475
2025-01-02T11:57:00.000Z,2025-01-02T12:00:00.000Z,447.8145
2025-01-02T12:00:00.000Z,2025-01-02T12:03:00.000Z,451.5
2025-01-02T12:03:00.000Z,2025-01-02T12:06:00.000Z,449.40000000000003
2025-01-02T12:06:00.000Z,2025-01-02T12:09:00.000Z,455.721
2025-01-02T12:09:00.000Z,2025-01-02T12:12:00.000Z,465.129
2025-01-02T12:12:00.000Z,2025-01-02T12:15:00.000Z,480.88950000000006
2025-01-02T12:15:00.000Z,2025-01-02T12:18:00.000Z,497.70000000000005
2025-01-02T12:18:00.000Z,2025-01-02T12:21:00.000Z,498.75
2025-01-02T12:21:00.000Z,2025-01-02T12:24:00.000Z,499.8
2025-01-02T12:24:00.000Z,2025-01-02T12:27:00.000Z,493.5
2025-01-02T12:27:00.000Z,2025-01-02T12:30:00.000Z,480.375
2025-01-02T12:30:00.000Z,2025-01-02T12:33:00.000Z,474.07500000000005
2025-01-02T12:33:00.000Z,2025-01-02T12:36:00.000Z,460.95000000000005
2025-01-02T12:36:00.000Z,2025-01-02T12:39:00.000Z,461.97900000000004
2025-01-02T12:39:00.000Z,2025-01-02T12:42:00.000Z,478.77900000000005
2025-01-02T12:42:00.000Z,2025-01-02T12:45:00.000Z,481.9395
2025-01-02T12:45:00.000Z,2025-01-02T12:48:00.000Z,496.125
2025-01-02T12:48:00.000Z,2025-01-02T12:51:00.000Z,518.7
2025-01-02T12:51:00.000Z,2025-01-02T12:54:00.000Z,544.9185000000001
2025-01-02T12:54:00.000Z,2025-01-02T12:57:00.000Z,561.2145
2025-01-02T12:57:00.000Z,2025-01-02T13:00:00.000Z,576.4395000000001
2025-01-02T13:00:00.000Z,2025-01-02T13:03:00.000Z,564.9105000000001
2025-01-02T13:03:00.000Z,2025-01-02T13:06:00.000Z,566.9895
2025-01-02T13:06:00.000Z,2025-01-02T13:09:00.000Z,578.004
2025-01-02T13:09:00.000Z,2025-01-02T13:12:00.000Z,599.0145
2025-01-02T13:12:00.000Z,2025-01-02T13:15:00.000Z,623.6685000000001
2025-01-02T13:15:00.000Z,2025-01-02T13:18:00.000Z,639.975
2025-01-02T13:18:00.000Z,2025-01-02T13:21:00.000Z,648.375
2025-01-02T13:21:00.000Z,2025-01-02T13:24:00.000Z,688.8000000000001
2025-01-02T13:24:00.000Z,2025-01-02T13:27:00.000Z,711.375
2025-01-02T13:27:00.000Z,2025-01-02T13:30:00.000Z,737.1
2025-01-02T13:30:00.000Z,2025-01-02T13:33:00.000Z,737.1
2025-01-02T13:33:00.000Z,2025-01-02T13:36:00.000Z,721.9065
2025-01-02T13:36:00.000Z,2025-01-02T13:39:00.000Z,711.8580000000001
2025-01-02T13:39:00.000Z,2025-01-02T13:42:00.000Z,702.975
2025-01-02T13:42:00.000Z,2025-01-02T13:45:00.000Z,695.1
2025-01-02T13:45:00.000Z,2025-01-02T13:48:00.000Z,695.1
2025-01-02T13:48:00.000Z,2025-01-02T13:51:00.000Z,714.525
2025-01-02T13:51:00.000Z,2025-01-02T13:54:00.000Z,719.775
2025-01-02T13:54:00.000Z,2025-01-02T13:57:00.000Z,734.9895
2025-01-02T13:57:00.000Z,2025-01-02T14:00:00.000Z,745.5
2025-01-02T14:00:00.000Z,2025-01-02T14:03:00.000Z,748.6395
2025-01-02T14:03:00.000Z,2025-01-02T14:06:00.000Z,765.45
2025-01-02T14:06:00.000Z,2025-01-02T14:09:00.000Z,781.2
2025-01-02T14:09:00.000Z,2025-01-02T14:12:00.000Z,774.9
2025-01-02T14:12:00.000Z,2025-01-02T14:15:00.000Z,767.5500000000001
2025-01-02T14:15:00.000Z,2025-01-02T14:18:00.000Z,775.9605
2025-01-02T14:18:00.000Z,2025-01-02T14:21:00.000Z,772.7895000000001
2025-01-02T14:21:00.000Z,2025-01-02T14:24:00.000Z,781.2
2025-01-02T14:24:00.000Z,2025-01-02T14:27:00.000Z,780.15
2025-01-02T14:27:00.000Z,2025-01-02T14:30:00.000Z,787.542
2025-01-02T14:30:00.000Z,2025-01-02T14:33:00.000Z,805.3395
2025-01-02T14:33:00.000Z,2025-01-02T14:36:00.000Z,809.5500000000001
2025-01-02T14:36:00.000Z,2025-01-02T14:39:00.000Z,802.7669999999999
2025-01-02T14:39:00.000Z,2025-01-02T14:42:00.000Z,838.4250000000001
2025-01-02T14:42:00.000Z,2025-01-02T14:45:00.000Z,854.6685000000001
2025-01-02T14:45:00.000Z,2025-01-02T14:48:00.000Z,862.0500000000001
2025-01-02T14:48:00.000Z,2025-01-02T14:51:00.000Z,887.7435
2025-01-02T14:51:00.000Z,2025-01-02T14:54:00.000Z,886.2
2025-01-02T14:54:00.000Z,2025-01-02T14:57:00.000Z,885.6435
2025-01-02T14:57:00.000Z,2025-01-02T15:00:00.000Z,859.95
2025-01-02T15:00:00.000Z,2025-01-02T15:03:00.000Z,858.9105000000001
2025-01-02T15:03:00.000Z,2025-01-02T15:06:00.000Z,855.7395
2025-01-02T15:06:00.000Z,2025-01-02T15:09:00.000Z,842.6355
2025-01-02T15:09:00.000Z,2025-01-02T15:12:00.000Z,849.45
2025-01-02T15:12:00.000Z,2025-01-02T15:15:00.000Z,853.125
2025-01-02T15:15:00.000Z,2025-01-02T15:18:00.000Z,858.879
2025-01-02T15:18:00.000Z,2025-01-02T15:21:00.000Z,880.95
2025-01-02T15:21:00.000Z,2025-01-02T15:24:00.000Z,906.1395
2025-01-02T15:24:00.000Z,2025-01-02T15:27:00.000Z,926.5830000000001
2025-01-02T15:27:00.000Z,2025-01-02T15:30:00.000Z,948.6645000000001
2025-01-02T15:30:00.000Z,2025-01-02T15:33:00.000Z,977.5395000000001
2025-01-02T15:33:00.000Z,2025-01-02T15:36:00.000Z,1019.4870000000001
2025-01-02T15:36:00.000Z,2025-01-02T15:39:00.000Z,1031.079
2025-01-02T15:39:00.000Z,2025-01-02T15:42:00.000Z,1054.7250000000001
2025-01-02T15:42:00.000Z,2025-01-02T15:45:00.000Z,1066.275
2025-01-02T15:45:00.000Z,2025-01-02T15:48:00.000Z,1068.9
2025-01-02T15:48:00.000Z,2025-01-02T15:51:00.000Z,1108.275
2025-01-02T15:51:00.000Z,2025-01-02T15:54:00.000Z,1154.4750000000001
2025-01-02T15:54:00.000Z,2025-01-02T15:57:00.000Z,1211.7
2025-01-02T15:57:00.000Z,2025-01-02T16:00:00.000Z,1242.675
2025-01-02T16:00:00.000Z,2025-01-02T16:03:00.000Z,1253.7
2025-01-02T16:03:00.000Z,2025-01-02T16:06:00.000Z,1286.775
2025-01-02T16:06:00.000Z,2025-01-02T16:09:00.000Z,1293.6000000000001
2025-01-02T16:09:00.000Z,2025-01-02T16:12:00.000Z,1300.95
2025-01-02T16:12:00.000Z,2025-01-02T16:15:00.000Z,1331.4
2025-01-02T16:15:00.000Z,2025-01-02T16:18:00.000Z,1352.4
2025-01-02T16:18:00.000Z,2025-01-02T16:21:00.000Z,1374.45
2025-01-02T16:21:00.000Z,2025-01-02T16:24:00.000Z,1388.1000000000001
2025-01-02T16:24:00.000Z,2025-01-02T16:27:00.000Z,1421.7
2025-01-02T16:27:00.000Z,2025-01-02T16:30:00.000Z,1435.3500000000001
2025-01-02T16:30:00.000Z,2025-01-02T16:33:00.000Z,1419.075
2025-01-02T16:33:00.000Z,2025-01-02T16:36:00.000Z,1422.75
2025-01-02T16:36:00.000Z,2025-01-02T16:39:00.000Z,1378.125
2025-01-02T16:39:00.000Z,2025-01-02T16:42:00.000Z,1379.175
2025-01-02T16:42:00.000Z,2025-01-02T16:45:00.000Z,1416.9750000000001
2025-01-02T16:45:00.000Z,2025-01-02T16:48:00.000Z,1454.25
2025-01-02T16:48:00.000Z,2025-01-02T16:51:00.000Z,1499.4
2025-01-02T16:51:00.000Z,2025-01-02T16:54:00.000Z,1534.05
2025-01-02T16:54:00.000Z,2025-01-02T16:57:00.000Z,1558.7250000000001
2025-01-02T16:57:00.000Z,2025-01-02T17:00:00.000Z,1583.4
2025-01-02T17:00:00.000Z,2025-01-02T17:03:00.000Z,1563.45
2025-01-02T17:03:00.000Z,2025-01-02T17:06:00.000Z,1553.3700000000001
2025-01-02T17:06:00.000Z,2025-01-02T17:09:00.000Z,1552.95
2025-01-02T17:09:00.000Z,2025-01-02T17:12:00.000Z,1572.375
2025-01-02T17:12:00.000Z,2025-01-02T17:15:00.000Z,1569.4350000000002
2025-01-02T17:15:00.000Z,2025-01-02T17:18:00.000Z,1586.025
2025-01-02T17:18:00.000Z,2025-01-02T17:21:00.000Z,1558.7250000000001
2025-01-02T17:21:00.000Z,2025-01-02T17:24:00.000Z,1556.1000000000001
2025-01-02T17:24:00.000Z,2025-01-02T17:27:00.000Z,1567.125
2025-01-02T17:27:00.000Z,2025-01-02T17:30:00.000Z,1575.0
2025-01-02T17:30:00.000Z,2025-01-02T17:33:00.000Z,1588.545
2025-01-02T17:33:00.000Z,2025-01-02T17:36:00.000Z,1611.75
2025-01-02T17:36:00.000Z,2025-01-02T17:39:00.000Z,1621.2
2025-01-02T17:39:00.000Z,2025-01-02T17:42:00.000Z,1615.4250000000002
2025-01-02T17:42:00.000Z,2025-01-02T17:45:00.000Z,1612.8000000000002
2025-01-02T17:45:00.000Z,2025-01-02T17:48:00.000Z,1618.0500000000002
2025-01-02T17:48:00.000Z,2025-01-02T17:51:00.000Z,1633.3799999999999
2025-01-02T17:51:00.000Z,2025-01-02T17:54:00.000Z,1614.9
2025-01-02T17:54:00.000Z,2025-01-02T17:57:00.000Z,1634.8500000000001
2025-01-02T17:57:00.000Z,2025-01-02T18:00:00.000Z,1622.25
2025-01-02T18:00:00.000Z,2025-01-02T18:03:00.000Z,1616.4750000000001
2025-01-02T18:03:00.000Z,2025-01-02T18:06:00.000Z,1638.42
2025-01-02T18:06:00.000Z,2025-01-02T18:09:00.000Z,1661.1000000000001
2025-01-02T18:09:00.000Z,2025-01-02T18:12:00.000Z,1686.3000000000002
2025-01-02T18:12:00.000Z,2025-01-02T18:15:00.000Z,1706.1450000000002
2025-01-02T18:15:00.000Z,2025-01-02T18:18:00.000Z,1715.1750000000002
2025-01-02T18:18:00.000Z,2025-01-02T18:21:00.000Z,1713.18
2025-01-02T18:21:00.000Z,2025-01-02T18:24:00.000Z,1706.775
2025-01-02T18:24:00.000Z,2025-01-02T18:27:00.000Z,1690.605
2025-01-02T18:27:00.000Z,2025-01-02T18:30:00.000Z,1660.575
2025-01-02T18:30:00.000Z,2025-01-02T18:33:00.000Z,1643.25
2025-01-02T18:33:00.000Z,2025-01-02T18:36:00.000Z,1623.825
2025-01-02T18:36:00.000Z,2025-01-02T18:39:00.000Z,1616.055
2025-01-02T18:39:00.000Z,2025-01-02T18:42:00.000Z,1614.9
2025-01-02T18:42:00.000Z,2025-01-02T18:45:00.000Z,1600.2
2025-01-02T18:45:00.000Z,2025-01-02T18:48:00.000Z,1580.775
2025-01-02T18:48:00.000Z,2025-01-02T18:51:00.000Z,1609.125
2025-01-02T18:51:00.000Z,2025-01-02T18:54:00.000Z,1616.4750000000001
2025-01-02T18:54:00.000Z,2025-01-02T18:57:00.000Z,1630.65
2025-01-02T18:57:00.000Z,2025-01-02T19:00:00.000Z,1612.275
2025-01-02T19:00:00.000Z,2025-01-02T19:03:00.000Z,1561.3500000000001
2025-01-02T19:03:00.000Z,2025-01-02T19:06:00.000Z,1545.075
2025-01-02T19:06:00.000Z,2025-01-02T19:09:00.000Z,1533.0
2025-01-02T19:09:00.000Z,2025-01-02T19:12:00.000Z,1520.925
2025-01-02T19:12:00.000Z,2025-01-02T19:15:00.000Z,1502.55
2025-01-02T19:15:00.000Z,2025-01-02T19:18:00.000Z,1517.25
2025-01-02T19:18:00.000Z,2025-01-02T19:21:00.000Z,1506.75
2025-01-02T19:21:00.000Z,2025-01-02T19:24:00.000Z,1504.65
2025-01-02T19:24:00.000Z,2025-01-02T19:27:00.000Z,1491.105
2025-01-02T19:27:00.000Z,2025-01-02T19:30:00.000Z,1506.75
2025-01-02T19:30:00.000Z,2025-01-02T19:33:00.000Z,1488.9
2025-01-02T19:33:00.000Z,2025-01-02T19:36:00.000Z,1461.18
2025-01-02T19:36:00.000Z,2025-01-02T19:39:00.000Z,1439.55
2025-01-02T19:39:00.000Z,2025-01-02T19:42:00.000Z,1452.675
2025-01-02T19:42:00.000Z,2025-01-02T19:45:00.000Z,1419.6000000000001
2025-01-02T19:45:00.000Z,2025-01-02T19:48:00.000Z,1425.9
2025-01-02T19:48:00.000Z,2025-01-02T19:51:00.000Z,1434.1950000000002
2025-01-02T19:51:00.000Z,2025-01-02T19:54:00.000Z,1424.325
2025-01-02T19:54:00.000Z,2025-01-02T19:57:00.000Z,1408.05
2025-01-02T19:57:00.000Z,2025-01-02T20:00:00.000Z,1412.775
2025-01-02T20:00:00.000Z,2025-01-02T20:03:00.000Z,1384.425
2025-01-02T20:03:00.000Z,2025-01-02T20:06:00.000Z,1389.675
2025-01-02T20:06:00.000Z,2025-01-02T20:09:00.000Z,1363.425
2025-01-02T20:09:00.000Z,2025-01-02T20:12:00.000Z,1348.7250000000001
2025-01-02T20:12:00.000Z,2025-01-02T20:15:00.000Z,1360.8
2025-01-02T20:15:00.000Z,2025-01-02T20:18:00.000Z,1411.2
2025-01-02T20:18:00.000Z,2025-01-02T20:21:00.000Z,1458.9750000000001
2025-01-02T20:21:00.000Z,2025-01-02T20:24:00.000Z,1454.775
2025-01-02T20:24:00.000Z,2025-01-02T20:27:00.000Z,1463.5950000000003
2025-01-02T20:27:00.000Z,2025-01-02T20:30:00.000Z,1502.025
2025-01-02T20:30:00.000Z,2025-01-02T20:33:00.000Z,1491.0
2025-01-02T20:33:00.000Z,2025-01-02T20:36:00.000Z,1489.425
2025-01-02T20:36:00.000Z,2025-01-02T20:39:00.000Z,1475.775
2025-01-02T20:39:00.000Z,2025-01-02T20:42:00.000Z,1466.8500000000001
2025-01-02T20:42:00.000Z,2025-01-02T20:45:00.000Z,1458.45
2025-01-02T20:45:00.000Z,2025-01-02T20:48:00.000Z,1456.3500000000001
2025-01-02T20:48:00.000Z,2025-01-02T20:51:00.000Z,1479.45
2025-01-02T20:51:00.000Z,2025-01-02T20:54:00.000Z,1488.375
2025-01-02T20:54:00.000Z,2025-01-02T20:57:00.000Z,1485.2250000000001
2025-01-02T20:57:00.000Z,2025-01-02T21:00:00.000Z,1487.8500000000001
